"","log2FoldChange","go_term","gene","Group","p_value"
"2316",-0.739200686546765,"GO:0007010","ABP1","k_aa",0.0002466
"202",1.14785880867905,"GO:0007010","ABP140","k_aa",0.0002466
"1217",-1.07797781304441,"GO:0007010","ACF2","k_aa",0.0002466
"3742",-0.22476129476644,"GO:0007010","ACT1","k_aa",0.0002466
"3996",0.0987874439190988,"GO:0007010","AIM14","k_aa",0.0002466
"134",1.01040814397636,"GO:0007010","AIM7","k_aa",0.0002466
"4354",0.045958831310577,"GO:0007010","AIP1","k_aa",0.0002466
"4675",-0.00575737310969759,"GO:0007010","AKL1","k_aa",0.0002466
"3491",-0.29874918389429,"GO:0007010","ARC15","k_aa",0.0002466
"3678",-0.171872385140698,"GO:0007010","ARC18","k_aa",0.0002466
"4306",0.0882690087391059,"GO:0007010","ARC19","k_aa",0.0002466
"2312",-0.482731897024038,"GO:0007010","ARC35","k_aa",0.0002466
"1643",-0.4745893218821,"GO:0007010","ARC40","k_aa",0.0002466
"1558",0.682660229141096,"GO:0007010","ARF3","k_aa",0.0002466
"2756",-0.456271743086548,"GO:0007010","ARP2","k_aa",0.0002466
"1210",-0.498390434842814,"GO:0007010","ARP3","k_aa",0.0002466
"540",1.4225506540052,"GO:0007010","ASE1","k_aa",0.0002466
"2332",0.702302329663845,"GO:0007010","ASK1","k_aa",0.0002466
"2922",-0.18021190487072,"GO:0007010","ASR1","k_aa",0.0002466
"3909",-0.2520664746403,"GO:0007010","ATS1","k_aa",0.0002466
"2544",0.374454165155858,"GO:0007010","AVO1","k_aa",0.0002466
"4401",-0.0529893282687978,"GO:0007010","AVO2","k_aa",0.0002466
"2311",-0.966509836897405,"GO:0007010","BAS1","k_aa",0.0002466
"2614",-0.806592114115171,"GO:0007010","BBC1","k_aa",0.0002466
"2681",0.267595795872859,"GO:0007010","BBP1","k_aa",0.0002466
"3380",0.16906185877808,"GO:0007010","BEM2","k_aa",0.0002466
"779",1.31468917562927,"GO:0007010","BEM3","k_aa",0.0002466
"482",0.870429184384351,"GO:0007010","BEM4","k_aa",0.0002466
"2958",0.257750728735265,"GO:0007010","BIK1","k_aa",0.0002466
"4474",-0.0866484895316324,"GO:0007010","BIL1","k_aa",0.0002466
"2286",0.327731621401183,"GO:0007010","BIM1","k_aa",0.0002466
"687",1.147382247232,"GO:0007010","BIR1","k_aa",0.0002466
"423",-0.532580840486831,"GO:0007010","BIT61","k_aa",0.0002466
"2421",-0.571106225217049,"GO:0007010","BNI1","k_aa",0.0002466
"2685",-0.215493255886097,"GO:0007010","BNI5","k_aa",0.0002466
"3465",0.43160922452347,"GO:0007010","BNR1","k_aa",0.0002466
"2148",0.713803954436033,"GO:0007010","BUB2","k_aa",0.0002466
"2823",0.654989263464239,"GO:0007010","BUD14","k_aa",0.0002466
"606",1.15152557897921,"GO:0007010","BUD4","k_aa",0.0002466
"4269",0.1142511553589,"GO:0007010","BUD6","k_aa",0.0002466
"2012",-0.530597584307917,"GO:0007010","BZZ1","k_aa",0.0002466
"1278",0.640385464235927,"GO:0007010","CAK1","k_aa",0.0002466
"4523",-0.0319006263395981,"GO:0007010","CAP1","k_aa",0.0002466
"3386",-0.197448987488214,"GO:0007010","CAP2","k_aa",0.0002466
"2653",0.516734256736159,"GO:0007010","CBF2","k_aa",0.0002466
"68",1.34750559822407,"GO:0007010","CBK1","k_aa",0.0002466
"1322",0.845126661370204,"GO:0007010","CDC10","k_aa",0.0002466
"2474",0.312146738646911,"GO:0007010","CDC12","k_aa",0.0002466
"376",1.75234843060809,"GO:0007010","CDC14","k_aa",0.0002466
"283",-0.896899481263781,"GO:0007010","CDC15","k_aa",0.0002466
"2836",0.32785459914634,"GO:0007010","CDC24","k_aa",0.0002466
"2247",0.390832751609381,"GO:0007010","CDC28","k_aa",0.0002466
"2149",0.380574013705038,"GO:0007010","CDC3","k_aa",0.0002466
"912",0.587641891783183,"GO:0007010","CDC31","k_aa",0.0002466
"388",-1.12657103985119,"GO:0007010","CDC37","k_aa",0.0002466
"3100",0.257870981938412,"GO:0007010","CDC42","k_aa",0.0002466
"4248",-0.05746939868633,"GO:0007010","CDC48","k_aa",0.0002466
"3727",0.123065100186329,"GO:0007010","CDC5","k_aa",0.0002466
"2882",-0.138878178409387,"GO:0007010","CDH1","k_aa",0.0002466
"294",1.14044022313605,"GO:0007010","CEP3","k_aa",0.0002466
"1020",1.06665067581084,"GO:0007010","CHS2","k_aa",0.0002466
"31",1.86207867631316,"GO:0007010","CIK1","k_aa",0.0002466
"515",0.730896331007489,"GO:0007010","CIN1","k_aa",0.0002466
"86",1.4242055972468,"GO:0007010","CIN8","k_aa",0.0002466
"418",0.603338367497753,"GO:0007010","CLB2","k_aa",0.0002466
"616",1.01357799112812,"GO:0007010","CLB4","k_aa",0.0002466
"857",1.39860996285274,"GO:0007010","CLB5","k_aa",0.0002466
"3094",-0.149506533920631,"GO:0007010","CMD1","k_aa",0.0002466
"732",1.27578338629942,"GO:0007010","CNM67","k_aa",0.0002466
"839",0.582433089003979,"GO:0007010","CTF13","k_aa",0.0002466
"3280",-0.266866524379362,"GO:0007010","DAD1","k_aa",0.0002466
"1173",0.560278393016259,"GO:0007010","DAD2","k_aa",0.0002466
"313",1.1603234625192,"GO:0007010","DAD3","k_aa",0.0002466
"4437",-0.0499274604078836,"GO:0007010","DAD4","k_aa",0.0002466
"541",0.757158868866533,"GO:0007010","DAM1","k_aa",0.0002466
"534",-1.25443649574009,"GO:0007010","DMA2","k_aa",0.0002466
"1825",-0.346712265620308,"GO:0007010","DSK2","k_aa",0.0002466
"3341",0.171973262523174,"GO:0007010","DUO1","k_aa",0.0002466
"1642",-0.610452031910099,"GO:0007010","DYN1","k_aa",0.0002466
"1247",-0.836771872401688,"GO:0007010","EFB1","k_aa",0.0002466
"131",1.64867210429686,"GO:0007010","ELM1","k_aa",0.0002466
"4478",-0.0424959346982094,"GO:0007010","END3","k_aa",0.0002466
"1697",-0.461721320179247,"GO:0007010","ENT2","k_aa",0.0002466
"3006",-0.329880075517318,"GO:0007010","ENT3","k_aa",0.0002466
"3428",-0.198527094142585,"GO:0007010","ENT4","k_aa",0.0002466
"1551",0.649240570092773,"GO:0007010","ESP1","k_aa",0.0002466
"1294",0.510775300158629,"GO:0007010","FIN1","k_aa",0.0002466
"3063",0.48987112913424,"GO:0007010","FMP45","k_aa",0.0002466
"3054",0.239971266396795,"GO:0007010","GCS1","k_aa",0.0002466
"3227",0.211554588489989,"GO:0007010","GEA2","k_aa",0.0002466
"723",0.625391703313163,"GO:0007010","GIC2","k_aa",0.0002466
"108",1.53218907406257,"GO:0007010","GIN4","k_aa",0.0002466
"1852",-0.782306551520412,"GO:0007010","GLC7","k_aa",0.0002466
"1966",0.400357426279601,"GO:0007010","GRX3","k_aa",0.0002466
"2161",-0.355183740468024,"GO:0007010","GVP36","k_aa",0.0002466
"87",1.51486338852905,"GO:0007010","HCM1","k_aa",0.0002466
"2382",0.439585343202603,"GO:0007010","HOF1","k_aa",0.0002466
"366",-1.22111802384049,"GO:0007010","HSP42","k_aa",0.0002466
"4143",0.11193621588914,"GO:0007010","ICE2","k_aa",0.0002466
"1719",0.399626982778934,"GO:0007010","IPL1","k_aa",0.0002466
"552",1.45867793119961,"GO:0007010","IQG1","k_aa",0.0002466
"2445",-0.438353348337227,"GO:0007010","JNM1","k_aa",0.0002466
"672",0.729860530626207,"GO:0007010","KAR1","k_aa",0.0002466
"1013",0.571859370175332,"GO:0007010","KAR3","k_aa",0.0002466
"160",1.3800310598703,"GO:0007010","KAR9","k_aa",0.0002466
"405",0.843606237170626,"GO:0007010","KEL1","k_aa",0.0002466
"735",0.970757770091987,"GO:0007010","KIP2","k_aa",0.0002466
"3625",-0.393245477442173,"GO:0007010","LAS17","k_aa",0.0002466
"2593",-0.427617396062047,"GO:0007010","LIA1","k_aa",0.0002466
"671",-0.944481760869593,"GO:0007010","LSB3","k_aa",0.0002466
"2705",-0.423215849782566,"GO:0007010","LSB5","k_aa",0.0002466
"2233",-0.400458436437793,"GO:0007010","LST8","k_aa",0.0002466
"3778",0.104534234019339,"GO:0007010","MDM20","k_aa",0.0002466
"2596",-0.466523569939998,"GO:0007010","MHP1","k_aa",0.0002466
"1772",0.572879088060485,"GO:0007010","MLC1","k_aa",0.0002466
"4234",0.0529524677824426,"GO:0007010","MLC2","k_aa",0.0002466
"1453",0.614924391747223,"GO:0007010","MPS1","k_aa",0.0002466
"70",1.94898999957678,"GO:0007010","MPS2","k_aa",0.0002466
"400",0.779745588449371,"GO:0007010","MPS3","k_aa",0.0002466
"1699",0.480596193907077,"GO:0007010","MSB3","k_aa",0.0002466
"2700",-0.657787359009242,"GO:0007010","MYO1","k_aa",0.0002466
"464",0.620422832069604,"GO:0007010","MYO2","k_aa",0.0002466
"4435",-0.0227063978495309,"GO:0007010","NAP1","k_aa",0.0002466
"2292",0.476714451822992,"GO:0007010","NAT3","k_aa",0.0002466
"3538",0.249722899774156,"GO:0007010","NBP1","k_aa",0.0002466
"2606",0.359510171035243,"GO:0007010","NDC1","k_aa",0.0002466
"2646",0.233677015435928,"GO:0007010","NDC80","k_aa",0.0002466
"2143",0.339521499320848,"GO:0007010","NET1","k_aa",0.0002466
"722",0.858304887542576,"GO:0007010","NIP100","k_aa",0.0002466
"4491",0.0758329180154689,"GO:0007010","NOP15","k_aa",0.0002466
"561",-0.461711348138945,"GO:0007010","NPL4","k_aa",0.0002466
"248",0.918989439392152,"GO:0007010","NUD1","k_aa",0.0002466
"660",1.25477402793489,"GO:0007010","NUF2","k_aa",0.0002466
"211",-1.40522896103599,"GO:0007010","NUM1","k_aa",0.0002466
"3026",0.241897508293288,"GO:0007010","NUP2","k_aa",0.0002466
"1734",0.453219097691763,"GO:0007010","PAC11","k_aa",0.0002466
"3096",-0.385693494392307,"GO:0007010","PBS2","k_aa",0.0002466
"1354",0.964307147888314,"GO:0007010","PCL1","k_aa",0.0002466
"2932",-0.433067767341722,"GO:0007010","PCL2","k_aa",0.0002466
"2502",0.38089791804348,"GO:0007010","PEA2","k_aa",0.0002466
"1011",0.595828236230183,"GO:0007010","PFD1","k_aa",0.0002466
"2950",0.508627023152843,"GO:0007010","PFY1","k_aa",0.0002466
"3915",-0.196910776649662,"GO:0007010","PIN3","k_aa",0.0002466
"2775",0.283361929056531,"GO:0007010","PKC1","k_aa",0.0002466
"1194",0.544250173814337,"GO:0007010","POM152","k_aa",0.0002466
"2695",0.181430582263185,"GO:0007010","POM34","k_aa",0.0002466
"4328",-0.0349830463874362,"GO:0007010","PPH21","k_aa",0.0002466
"3581",-0.182480011013085,"GO:0007010","PRK1","k_aa",0.0002466
"3497",0.179733438535623,"GO:0007010","RAX2","k_aa",0.0002466
"4181",-0.0658191385630163,"GO:0007010","RDI1","k_aa",0.0002466
"4571",-0.0226894173512508,"GO:0007010","REF2","k_aa",0.0002466
"162",1.04568055834623,"GO:0007010","RGA1","k_aa",0.0002466
"3888",-0.140083732110403,"GO:0007010","RHO1","k_aa",0.0002466
"218",0.853039987773668,"GO:0007010","RHO2","k_aa",0.0002466
"1299",0.363942220046272,"GO:0007010","RHO3","k_aa",0.0002466
"452",1.00534639727846,"GO:0007010","RHO4","k_aa",0.0002466
"2671",0.195235423274951,"GO:0007010","ROT1","k_aa",0.0002466
"1569",-0.522405752668509,"GO:0007010","RSP5","k_aa",0.0002466
"1593",-0.494311482426757,"GO:0007010","RTS1","k_aa",0.0002466
"59",-1.0960526276115,"GO:0007010","RVS161","k_aa",0.0002466
"1946",-0.519338268120533,"GO:0007010","SAC6","k_aa",0.0002466
"4043",0.165261424550223,"GO:0007010","SAC7","k_aa",0.0002466
"4398",-0.04614570075886,"GO:0007010","SCP1","k_aa",0.0002466
"3787",0.250966871238991,"GO:0007010","SDA1","k_aa",0.0002466
"3463",0.201274260034443,"GO:0007010","SFI1","k_aa",0.0002466
"987",0.854686153384102,"GO:0007010","SFK1","k_aa",0.0002466
"3179",0.223623911494422,"GO:0007010","SHE1","k_aa",0.0002466
"2377",-0.336464018140936,"GO:0007010","SHE4","k_aa",0.0002466
"1073",0.835197255499554,"GO:0007010","SHS1","k_aa",0.0002466
"4683",0.00493153568497914,"GO:0007010","SIT4","k_aa",0.0002466
"1682",-0.390544616911428,"GO:0007010","SIW14","k_aa",0.0002466
"158",-0.69359973873869,"GO:0007010","SKP1","k_aa",0.0002466
"2763",-0.23531219832788,"GO:0007010","SLA1","k_aa",0.0002466
"3773",-0.19645945748883,"GO:0007010","SLA2","k_aa",0.0002466
"612",-0.729303865074643,"GO:0007010","SLM1","k_aa",0.0002466
"120",1.0537286015267,"GO:0007010","SPA2","k_aa",0.0002466
"4529",0.0180993950897155,"GO:0007010","SPC105","k_aa",0.0002466
"339",1.20830107375934,"GO:0007010","SPC110","k_aa",0.0002466
"4153",-0.0891460022198265,"GO:0007010","SPC19","k_aa",0.0002466
"4131",-0.0728076340210791,"GO:0007010","SPC24","k_aa",0.0002466
"502",1.41382867978849,"GO:0007010","SPC25","k_aa",0.0002466
"399",1.25818765576375,"GO:0007010","SPC29","k_aa",0.0002466
"1960",0.447972044676338,"GO:0007010","SPC34","k_aa",0.0002466
"1165",0.872190826620353,"GO:0007010","SPC42","k_aa",0.0002466
"648",1.18854898899319,"GO:0007010","SPC72","k_aa",0.0002466
"3726",-0.324675931427351,"GO:0007010","SPC97","k_aa",0.0002466
"2323",0.322661822157587,"GO:0007010","SPC98","k_aa",0.0002466
"2395",-0.437208433972026,"GO:0007010","SRV2","k_aa",0.0002466
"3810",0.125446898336881,"GO:0007010","SSK1","k_aa",0.0002466
"1271",-0.523926665192872,"GO:0007010","SSK2","k_aa",0.0002466
"4513",0.0273944264662178,"GO:0007010","STE20","k_aa",0.0002466
"3308",0.189782747051534,"GO:0007010","STH1","k_aa",0.0002466
"1646",-0.475332084718721,"GO:0007010","STT4","k_aa",0.0002466
"1672",0.390865901222424,"GO:0007010","STU1","k_aa",0.0002466
"2440",-0.335732059063004,"GO:0007010","SUR7","k_aa",0.0002466
"787",0.586704915046475,"GO:0007010","SWE1","k_aa",0.0002466
"3326",0.14897351453955,"GO:0007010","SWF1","k_aa",0.0002466
"906",-0.520475004932966,"GO:0007010","TAO3","k_aa",0.0002466
"2576",0.425629364124488,"GO:0007010","TEM1","k_aa",0.0002466
"717",-0.775153156752102,"GO:0007010","TOR2","k_aa",0.0002466
"3349",0.263625720659337,"GO:0007010","TPM2","k_aa",0.0002466
"4652",-0.00784351788487316,"GO:0007010","TSC11","k_aa",0.0002466
"2457",0.507152596385383,"GO:0007010","TUB1","k_aa",0.0002466
"1016",0.445321825589123,"GO:0007010","TUB4","k_aa",0.0002466
"3443",-0.223261776885231,"GO:0007010","TVP38","k_aa",0.0002466
"4620",0.0148001207585736,"GO:0007010","TWF1","k_aa",0.0002466
"1858",-0.389834343922155,"GO:0007010","UBC9","k_aa",0.0002466
"4314",0.0528385756305104,"GO:0007010","VPS1","k_aa",0.0002466
"2002",-1.22396665394829,"GO:0007010","VRP1","k_aa",0.0002466
"2697",0.379659798225565,"GO:0007010","WHI2","k_aa",0.0002466
"1855",-0.2649558146342,"GO:0007010","YRB1","k_aa",0.0002466
"2843",0.256117840502711,"GO:0007010","YRB2","k_aa",0.0002466
"3760",0.274764852945133,"GO:0007010","ABP1","k_bb",2.72e-05
"385",0.931569931349141,"GO:0007010","ABP140","k_bb",2.72e-05
"4721",-0.0276924888259876,"GO:0007010","ACF2","k_bb",2.72e-05
"3269",-0.291366991680622,"GO:0007010","ACT1","k_bb",2.72e-05
"4069",0.0849983386927762,"GO:0007010","AIM14","k_bb",2.72e-05
"2284",0.911929368413289,"GO:0007010","AIM3","k_bb",2.72e-05
"922",0.720722391705208,"GO:0007010","AIM7","k_bb",2.72e-05
"3282",0.213644073183096,"GO:0007010","AIP1","k_bb",2.72e-05
"4272",0.0509067734118386,"GO:0007010","AKL1","k_bb",2.72e-05
"1860",0.984236655618579,"GO:0007010","APP1","k_bb",2.72e-05
"2327",-0.538254213140403,"GO:0007010","ARC15","k_bb",2.72e-05
"2552",-0.353596390492462,"GO:0007010","ARC18","k_bb",2.72e-05
"3906",-0.148094034248,"GO:0007010","ARC19","k_bb",2.72e-05
"1393",-0.67521162293575,"GO:0007010","ARC35","k_bb",2.72e-05
"4504",-0.0476399886292962,"GO:0007010","ARC40","k_bb",2.72e-05
"3734",0.109878314071334,"GO:0007010","ARF3","k_bb",2.72e-05
"1494",-0.739959176218887,"GO:0007010","ARP2","k_bb",2.72e-05
"3335",-0.176792673664788,"GO:0007010","ARP3","k_bb",2.72e-05
"3624",0.302887816077621,"GO:0007010","ASE1","k_bb",2.72e-05
"889",1.08196172363832,"GO:0007010","ASK1","k_bb",2.72e-05
"2430",-0.206015801880195,"GO:0007010","ASR1","k_bb",2.72e-05
"4647",0.0350458474469676,"GO:0007010","ATS1","k_bb",2.72e-05
"3025",0.168616395854808,"GO:0007010","AVO1","k_bb",2.72e-05
"3722",0.151263897113282,"GO:0007010","AVO2","k_bb",2.72e-05
"4421",-0.116483510655648,"GO:0007010","BAS1","k_bb",2.72e-05
"3450",0.426996021219585,"GO:0007010","BBC1","k_bb",2.72e-05
"790",0.567039702357343,"GO:0007010","BBP1","k_bb",2.72e-05
"2124",-0.244162489683342,"GO:0007010","BEM2","k_bb",2.72e-05
"18251",0.755234153384296,"GO:0007010","BEM3","k_bb",2.72e-05
"1430",0.586142872872588,"GO:0007010","BEM4","k_bb",2.72e-05
"2921",0.147910458431634,"GO:0007010","BIK1","k_bb",2.72e-05
"22471",-0.925130722381638,"GO:0007010","BIL1","k_bb",2.72e-05
"860",0.497794487429002,"GO:0007010","BIM1","k_bb",2.72e-05
"874",0.99175151028784,"GO:0007010","BIR1","k_bb",2.72e-05
"1481",-0.363286564480447,"GO:0007010","BIT61","k_bb",2.72e-05
"3219",-0.302413512746446,"GO:0007010","BNI1","k_bb",2.72e-05
"2911",-0.222963332933164,"GO:0007010","BNI5","k_bb",2.72e-05
"1022",1.36795182148821,"GO:0007010","BNR1","k_bb",2.72e-05
"838",1.00703551312738,"GO:0007010","BUB2","k_bb",2.72e-05
"2023",0.784725884358224,"GO:0007010","BUD14","k_bb",2.72e-05
"2632",0.355641160453512,"GO:0007010","BUD4","k_bb",2.72e-05
"3588",-0.260077069947207,"GO:0007010","BUD6","k_bb",2.72e-05
"1570",-0.574133754316231,"GO:0007010","BZZ1","k_bb",2.72e-05
"2648",0.306465022464409,"GO:0007010","CAK1","k_bb",2.72e-05
"4321",0.0637808338655436,"GO:0007010","CAP1","k_bb",2.72e-05
"2625",-0.261881096607147,"GO:0007010","CAP2","k_bb",2.72e-05
"4635",-0.030996413529963,"GO:0007010","CBF2","k_bb",2.72e-05
"281",1.17937195652205,"GO:0007010","CBK1","k_bb",2.72e-05
"1479",0.722341646201434,"GO:0007010","CDC10","k_bb",2.72e-05
"2155",0.32522192269448,"GO:0007010","CDC12","k_bb",2.72e-05
"1030",1.24515725104444,"GO:0007010","CDC14","k_bb",2.72e-05
"109",-1.11576615240209,"GO:0007010","CDC15","k_bb",2.72e-05
"4331",-0.0711330439368955,"GO:0007010","CDC24","k_bb",2.72e-05
"1701",0.469639917097248,"GO:0007010","CDC28","k_bb",2.72e-05
"2942",0.214951331646235,"GO:0007010","CDC3","k_bb",2.72e-05
"1433",0.497533532117079,"GO:0007010","CDC31","k_bb",2.72e-05
"589",-0.89736385788417,"GO:0007010","CDC37","k_bb",2.72e-05
"3703",0.155050070201445,"GO:0007010","CDC42","k_bb",2.72e-05
"42341",0.0529547273252059,"GO:0007010","CDC48","k_bb",2.72e-05
"3064",-0.164020036905772,"GO:0007010","CDC5","k_bb",2.72e-05
"3036",-0.10651010231721,"GO:0007010","CDH1","k_bb",2.72e-05
"1007",0.81915269395992,"GO:0007010","CEP3","k_bb",2.72e-05
"2437",0.474067219388096,"GO:0007010","CHS2","k_bb",2.72e-05
"440",1.3261448981644,"GO:0007010","CIK1","k_bb",2.72e-05
"600",0.545640959717391,"GO:0007010","CIN1","k_bb",2.72e-05
"117",1.15776568648057,"GO:0007010","CIN8","k_bb",2.72e-05
"1869",0.258233428901801,"GO:0007010","CLB2","k_bb",2.72e-05
"1457",0.675411221656833,"GO:0007010","CLB4","k_bb",2.72e-05
"191",2.12686432761548,"GO:0007010","CLB5","k_bb",2.72e-05
"4126",-0.0564862815565144,"GO:0007010","CMD1","k_bb",2.72e-05
"2197",0.62196327467088,"GO:0007010","CNM67","k_bb",2.72e-05
"371",1.08758574373779,"GO:0007010","CTF13","k_bb",2.72e-05
"677",-0.526346704782009,"GO:0007010","DAD1","k_bb",2.72e-05
"408",0.565585967654094,"GO:0007010","DAD2","k_bb",2.72e-05
"314",1.07570928653721,"GO:0007010","DAD3","k_bb",2.72e-05
"3448",-0.240110690515573,"GO:0007010","DAD4","k_bb",2.72e-05
"2259",0.391104705600355,"GO:0007010","DAM1","k_bb",2.72e-05
"1579",-0.733735227782201,"GO:0007010","DMA2","k_bb",2.72e-05
"4609",0.0178017205635431,"GO:0007010","DSK2","k_bb",2.72e-05
"3217",0.174296883196383,"GO:0007010","DUO1","k_bb",2.72e-05
"1687",-0.535881729158737,"GO:0007010","DYN1","k_bb",2.72e-05
"873",-0.911552384048297,"GO:0007010","EFB1","k_bb",2.72e-05
"1552",0.691601748191979,"GO:0007010","ELM1","k_bb",2.72e-05
"2810",-0.302584518291065,"GO:0007010","END3","k_bb",2.72e-05
"1134",-0.463453581548782,"GO:0007010","ENT2","k_bb",2.72e-05
"2486",-0.424253939396815,"GO:0007010","ENT3","k_bb",2.72e-05
"2287",-0.361402672223375,"GO:0007010","ENT4","k_bb",2.72e-05
"3708",0.130648046485412,"GO:0007010","ESP1","k_bb",2.72e-05
"406",0.737574753206547,"GO:0007010","FIN1","k_bb",2.72e-05
"942",-0.992248608589785,"GO:0007010","FMP45","k_bb",2.72e-05
"2425",0.30081517107152,"GO:0007010","GCS1","k_bb",2.72e-05
"3060",-0.198099359507576,"GO:0007010","GEA2","k_bb",2.72e-05
"253",1.49430722310162,"GO:0007010","GIC2","k_bb",2.72e-05
"55",1.6440667373678,"GO:0007010","GIN4","k_bb",2.72e-05
"3587",-0.246900649647161,"GO:0007010","GLC7","k_bb",2.72e-05
"2453",0.318672477183505,"GO:0007010","GRX3","k_bb",2.72e-05
"1514",-0.405854603884756,"GO:0007010","GVP36","k_bb",2.72e-05
"161",1.34249692233479,"GO:0007010","HCM1","k_bb",2.72e-05
"2424",-0.434336579548322,"GO:0007010","HOF1","k_bb",2.72e-05
"340",-1.28542063336371,"GO:0007010","HSP42","k_bb",2.72e-05
"3998",0.127363741761065,"GO:0007010","ICE2","k_bb",2.72e-05
"1826",0.297837449724323,"GO:0007010","IPL1","k_bb",2.72e-05
"2753",0.442826632678035,"GO:0007010","IQG1","k_bb",2.72e-05
"2937",-0.289162621203282,"GO:0007010","JNM1","k_bb",2.72e-05
"2497",0.323474346210499,"GO:0007010","KAR1","k_bb",2.72e-05
"3892",0.122559983944592,"GO:0007010","KAR3","k_bb",2.72e-05
"205",1.09402304118606,"GO:0007010","KAR9","k_bb",2.72e-05
"344",0.842799386418928,"GO:0007010","KEL1","k_bb",2.72e-05
"2525",0.425887398182662,"GO:0007010","KIP2","k_bb",2.72e-05
"2583",0.728984095230143,"GO:0007010","LAS17","k_bb",2.72e-05
"3442",-0.21873593199507,"GO:0007010","LIA1","k_bb",2.72e-05
"433",-1.07219052416359,"GO:0007010","LSB3","k_bb",2.72e-05
"1231",-0.868415574944577,"GO:0007010","LSB5","k_bb",2.72e-05
"2406",-0.313788196610146,"GO:0007010","LST8","k_bb",2.72e-05
"1302",0.466972166883313,"GO:0007010","MDM20","k_bb",2.72e-05
"4570",0.0502538226766826,"GO:0007010","MHP1","k_bb",2.72e-05
"304",0.534411846213411,"GO:0007010","MLC1","k_bb",2.72e-05
"2776",0.139610718763423,"GO:0007010","MLC2","k_bb",2.72e-05
"3950",0.130694402993357,"GO:0007010","MPS1","k_bb",2.72e-05
"14",1.84462722788388,"GO:0007010","MPS2","k_bb",2.72e-05
"2298",0.34746111989332,"GO:0007010","MPS3","k_bb",2.72e-05
"2146",0.19238963900071,"GO:0007010","MSB3","k_bb",2.72e-05
"3824",0.257131120572044,"GO:0007010","MYO1","k_bb",2.72e-05
"415",0.632911721137771,"GO:0007010","MYO2","k_bb",2.72e-05
"4300",-0.0347431158623187,"GO:0007010","NAP1","k_bb",2.72e-05
"2528",0.422673451566481,"GO:0007010","NAT3","k_bb",2.72e-05
"3147",0.283445348119746,"GO:0007010","NBP1","k_bb",2.72e-05
"1988",0.42974173581721,"GO:0007010","NDC1","k_bb",2.72e-05
"4292",0.0593575024666591,"GO:0007010","NDC80","k_bb",2.72e-05
"788",0.491333401617514,"GO:0007010","NET1","k_bb",2.72e-05
"1533",0.507972102816939,"GO:0007010","NIP100","k_bb",2.72e-05
"2367",0.78832428234369,"GO:0007010","NOP15","k_bb",2.72e-05
"4727",0.00809437164605515,"GO:0007010","NPL4","k_bb",2.72e-05
"146",0.743817481213466,"GO:0007010","NUD1","k_bb",2.72e-05
"1974",0.718990623727659,"GO:0007010","NUF2","k_bb",2.72e-05
"1263",-0.82658664672454,"GO:0007010","NUM1","k_bb",2.72e-05
"3253",0.187002397609735,"GO:0007010","NUP2","k_bb",2.72e-05
"3017",0.221722308038269,"GO:0007010","PAC11","k_bb",2.72e-05
"3780",0.335636298829351,"GO:0007010","PAN1","k_bb",2.72e-05
"2573",-0.462449906152158,"GO:0007010","PBS2","k_bb",2.72e-05
"63",1.69041591258453,"GO:0007010","PCL1","k_bb",2.72e-05
"40431",-0.0628430997313665,"GO:0007010","PCL2","k_bb",2.72e-05
"2031",0.397043412685754,"GO:0007010","PEA2","k_bb",2.72e-05
"1136",0.625923168050298,"GO:0007010","PFD1","k_bb",2.72e-05
"1503",-0.640854220141912,"GO:0007010","PFY1","k_bb",2.72e-05
"4384",0.0620120635019563,"GO:0007010","PIN3","k_bb",2.72e-05
"2855",0.17626008500268,"GO:0007010","PKC1","k_bb",2.72e-05
"2107",0.287033382511825,"GO:0007010","POM152","k_bb",2.72e-05
"1536",0.281572904030449,"GO:0007010","POM34","k_bb",2.72e-05
"4808",-0.00426184876072603,"GO:0007010","PPH21","k_bb",2.72e-05
"4257",0.0917538762008731,"GO:0007010","PRK1","k_bb",2.72e-05
"1214",-0.525934014204501,"GO:0007010","RAX2","k_bb",2.72e-05
"2934",0.191431215985081,"GO:0007010","RDI1","k_bb",2.72e-05
"2589",-0.394565138556672,"GO:0007010","REF2","k_bb",2.72e-05
"2329",0.308980677440848,"GO:0007010","RGA1","k_bb",2.72e-05
"2432",-0.310901160291226,"GO:0007010","RHO1","k_bb",2.72e-05
"1381",0.485511393076124,"GO:0007010","RHO2","k_bb",2.72e-05
"545",0.489895076689958,"GO:0007010","RHO3","k_bb",2.72e-05
"956",0.874558543034849,"GO:0007010","RHO4","k_bb",2.72e-05
"3155",0.152361456915001,"GO:0007010","ROT1","k_bb",2.72e-05
"2021",-0.364346503262912,"GO:0007010","RSP5","k_bb",2.72e-05
"1844",-0.24841538016557,"GO:0007010","RTS1","k_bb",2.72e-05
"147",-0.898423058526913,"GO:0007010","RVS161","k_bb",2.72e-05
"554",-0.648621148655482,"GO:0007010","SAC6","k_bb",2.72e-05
"4006",0.130305354305663,"GO:0007010","SAC7","k_bb",2.72e-05
"359",1.72739615398285,"GO:0007010","SCD5","k_bb",2.72e-05
"4139",-0.0785510540561352,"GO:0007010","SCP1","k_bb",2.72e-05
"3368",0.305631122072827,"GO:0007010","SDA1","k_bb",2.72e-05
"2807",-0.362530733759968,"GO:0007010","SFI1","k_bb",2.72e-05
"609",1.03628580779459,"GO:0007010","SFK1","k_bb",2.72e-05
"1957",0.461076294191542,"GO:0007010","SHE1","k_bb",2.72e-05
"4578",0.0290618907732783,"GO:0007010","SHE4","k_bb",2.72e-05
"726",0.923511758286583,"GO:0007010","SHS1","k_bb",2.72e-05
"3585",-0.182799406511056,"GO:0007010","SIT4","k_bb",2.72e-05
"2689",-0.21127317411447,"GO:0007010","SIW14","k_bb",2.72e-05
"431",-0.522140400570305,"GO:0007010","SKP1","k_bb",2.72e-05
"1829",-0.356162097582216,"GO:0007010","SLA1","k_bb",2.72e-05
"1916",-0.576131634360694,"GO:0007010","SLA2","k_bb",2.72e-05
"2022",-0.815901455903252,"GO:0007010","SLM1","k_bb",2.72e-05
"5151",0.802044353217882,"GO:0007010","SPA2","k_bb",2.72e-05
"768",0.626341195479205,"GO:0007010","SPC105","k_bb",2.72e-05
"583",1.0178469883959,"GO:0007010","SPC110","k_bb",2.72e-05
"3323",-0.205913050765759,"GO:0007010","SPC19","k_bb",2.72e-05
"3674",-0.137645523671492,"GO:0007010","SPC24","k_bb",2.72e-05
"2269",0.440750294340698,"GO:0007010","SPC25","k_bb",2.72e-05
"1475",0.496678412277179,"GO:0007010","SPC29","k_bb",2.72e-05
"2910",0.252626118992325,"GO:0007010","SPC34","k_bb",2.72e-05
"812",0.982754319342444,"GO:0007010","SPC42","k_bb",2.72e-05
"1140",0.795684371716204,"GO:0007010","SPC72","k_bb",2.72e-05
"3749",0.278162637972785,"GO:0007010","SPC97","k_bb",2.72e-05
"4240",0.0629910601831092,"GO:0007010","SPC98","k_bb",2.72e-05
"1360",-0.574169956101526,"GO:0007010","SRV2","k_bb",2.72e-05
"4405",0.0469933451715149,"GO:0007010","SSK1","k_bb",2.72e-05
"291",-0.987208447126312,"GO:0007010","SSK2","k_bb",2.72e-05
"2706",0.22500122908562,"GO:0007010","STE20","k_bb",2.72e-05
"3782",-0.0979176402199602,"GO:0007010","STH1","k_bb",2.72e-05
"3684",0.166549124659441,"GO:0007010","STT4","k_bb",2.72e-05
"1004",0.696701836602073,"GO:0007010","STU1","k_bb",2.72e-05
"1561",1.18586774813595,"GO:0007010","STU2","k_bb",2.72e-05
"963",-0.697797170544163,"GO:0007010","SUR7","k_bb",2.72e-05
"411",0.691123159266224,"GO:0007010","SWE1","k_bb",2.72e-05
"1821",-0.378605226808369,"GO:0007010","SWF1","k_bb",2.72e-05
"378",-0.601340618745798,"GO:0007010","TAO3","k_bb",2.72e-05
"565",1.22644683248655,"GO:0007010","TEM1","k_bb",2.72e-05
"1383",-0.569245079100546,"GO:0007010","TOR2","k_bb",2.72e-05
"4245",0.114470603957218,"GO:0007010","TPM2","k_bb",2.72e-05
"3298",0.156952729717191,"GO:0007010","TSC11","k_bb",2.72e-05
"3488",0.150049439242654,"GO:0007010","TUB1","k_bb",2.72e-05
"4695",0.0122645172828493,"GO:0007010","TUB4","k_bb",2.72e-05
"2507",-0.306561890125752,"GO:0007010","TVP38","k_bb",2.72e-05
"3729",-0.112916425556481,"GO:0007010","TWF1","k_bb",2.72e-05
"1112",-0.513039590331658,"GO:0007010","UBC9","k_bb",2.72e-05
"4451",0.136871198420516,"GO:0007010","VHS2","k_bb",2.72e-05
"4107",0.0750800698825974,"GO:0007010","VPS1","k_bb",2.72e-05
"3435",0.46837312348589,"GO:0007010","VRP1","k_bb",2.72e-05
"2224",0.263957528611146,"GO:0007010","WHI2","k_bb",2.72e-05
"2171",-0.217125044289739,"GO:0007010","YRB1","k_bb",2.72e-05
"4817",-0.00405320233605199,"GO:0007010","YRB2","k_bb",2.72e-05
"1764",-0.45353581943178,"GO:0007010","ABP1","ab_f",0.9033562
"1170",0.844420405201214,"GO:0007010","ABP140","ab_f",0.9033562
"1252",-0.753982978780534,"GO:0007010","ACF2","ab_f",0.9033562
"46",-1.54012595498515,"GO:0007010","ACT1","ab_f",0.9033562
"3709",-0.188511646452831,"GO:0007010","AIM14","ab_f",0.9033562
"3350",0.238725883609249,"GO:0007010","AIM3","ab_f",0.9033562
"28821",0.488918868313878,"GO:0007010","AIM7","ab_f",0.9033562
"3131",-1.23962918851563,"GO:0007010","AIP1","ab_f",0.9033562
"798",-0.861566675667981,"GO:0007010","AKL1","ab_f",0.9033562
"107",1.50894579894272,"GO:0007010","APP1","ab_f",0.9033562
"115",-1.49079557941675,"GO:0007010","ARC15","ab_f",0.9033562
"2078",-0.516197477296615,"GO:0007010","ARC18","ab_f",0.9033562
"1017",-0.738665393351122,"GO:0007010","ARC19","ab_f",0.9033562
"2771",-0.258647208667456,"GO:0007010","ARC35","ab_f",0.9033562
"526",-0.963854741153583,"GO:0007010","ARC40","ab_f",0.9033562
"557",0.894235596860765,"GO:0007010","ARF3","ab_f",0.9033562
"1316",-0.553827389665463,"GO:0007010","ARP2","ab_f",0.9033562
"493",-0.835751575326062,"GO:0007010","ARP3","ab_f",0.9033562
"624",1.73291477202044,"GO:0007010","ASE1","ab_f",0.9033562
"820",1.0359829275779,"GO:0007010","ASK1","ab_f",0.9033562
"2619",-0.386974479978888,"GO:0007010","ASR1","ab_f",0.9033562
"685",-1.05394951632035,"GO:0007010","ATS1","ab_f",0.9033562
"3576",0.252734152932696,"GO:0007010","AVO1","ab_f",0.9033562
"529",1.07613335780299,"GO:0007010","AVO2","ab_f",0.9033562
"4705",-0.0230247024344073,"GO:0007010","BAS1","ab_f",0.9033562
"2231",-0.368316871504032,"GO:0007010","BBC1","ab_f",0.9033562
"1511",1.04632485844673,"GO:0007010","BBP1","ab_f",0.9033562
"1684",0.611083263808025,"GO:0007010","BEM2","ab_f",0.9033562
"1943",0.664334546586092,"GO:0007010","BEM3","ab_f",0.9033562
"4296",0.111538757902691,"GO:0007010","BEM4","ab_f",0.9033562
"4750",-0.0195818515716105,"GO:0007010","BIK1","ab_f",0.9033562
"3858",1.75570747136864,"GO:0007010","BIL1","ab_f",0.9033562
"880",-1.45264656655155,"GO:0007010","BIM1","ab_f",0.9033562
"3735",-0.188459764018922,"GO:0007010","BIR1","ab_f",0.9033562
"832",-0.889925538309346,"GO:0007010","BIT61","ab_f",0.9033562
"1538",0.501950179677736,"GO:0007010","BNI1","ab_f",0.9033562
"434",1.06095526971989,"GO:0007010","BNI5","ab_f",0.9033562
"4108",0.161148472076389,"GO:0007010","BNR1","ab_f",0.9033562
"4715",0.0421872227700253,"GO:0007010","BUB2","ab_f",0.9033562
"2665",0.394459781173405,"GO:0007010","BUD14","ab_f",0.9033562
"18252",0.613229153980802,"GO:0007010","BUD4","ab_f",0.9033562
"1690",-0.738192422383884,"GO:0007010","BUD6","ab_f",0.9033562
"2025",-0.405317005560988,"GO:0007010","BZZ1","ab_f",0.9033562
"3655",0.244391520225052,"GO:0007010","CAK1","ab_f",0.9033562
"458",-1.14609193174716,"GO:0007010","CAP1","ab_f",0.9033562
"207",-1.23175200249902,"GO:0007010","CAP2","ab_f",0.9033562
"3082",0.407942759411704,"GO:0007010","CBF2","ab_f",0.9033562
"1245",0.635617786364147,"GO:0007010","CBK1","ab_f",0.9033562
"6481",-0.894209215468924,"GO:0007010","CDC10","ab_f",0.9033562
"2255",-0.478139118226518,"GO:0007010","CDC12","ab_f",0.9033562
"1305",0.910063495376169,"GO:0007010","CDC14","ab_f",0.9033562
"2510",-0.450608272463442,"GO:0007010","CDC15","ab_f",0.9033562
"3670",0.224550470403662,"GO:0007010","CDC24","ab_f",0.9033562
"872",-0.954234448093568,"GO:0007010","CDC28","ab_f",0.9033562
"1663",-0.524518675029654,"GO:0007010","CDC3","ab_f",0.9033562
"3799",0.192686318431446,"GO:0007010","CDC31","ab_f",0.9033562
"2968",0.269774658860998,"GO:0007010","CDC37","ab_f",0.9033562
"3594",0.172122239057062,"GO:0007010","CDC42","ab_f",0.9033562
"5831",-0.857271499959121,"GO:0007010","CDC48","ab_f",0.9033562
"3577",0.186930181446165,"GO:0007010","CDC5","ab_f",0.9033562
"4559",0.0460882934397737,"GO:0007010","CDH1","ab_f",0.9033562
"1640",0.876292139971083,"GO:0007010","CEP3","ab_f",0.9033562
"2119",0.514609258618147,"GO:0007010","CHS2","ab_f",0.9033562
"1793",0.986816809799204,"GO:0007010","CIK1","ab_f",0.9033562
"2080",-0.530199442867348,"GO:0007010","CIN1","ab_f",0.9033562
"3849",0.253310341358398,"GO:0007010","CIN8","ab_f",0.9033562
"3038",0.368663703111043,"GO:0007010","CLB2","ab_f",0.9033562
"4291",-0.0950131951656794,"GO:0007010","CLB4","ab_f",0.9033562
"4788",0.0317458550444836,"GO:0007010","CLB5","ab_f",0.9033562
"3564",-0.175884163641697,"GO:0007010","CMD1","ab_f",0.9033562
"18601",0.693495130418101,"GO:0007010","CNM67","ab_f",0.9033562
"24861",-1.01538349639527,"GO:0007010","CTF13","ab_f",0.9033562
"2530",-0.518225546357095,"GO:0007010","DAD1","ab_f",0.9033562
"2563",-0.580101197419876,"GO:0007010","DAD2","ab_f",0.9033562
"4279",-0.245889757592057,"GO:0007010","DAD3","ab_f",0.9033562
"4390",-0.0909791617031929,"GO:0007010","DAD4","ab_f",0.9033562
"351",1.36312136013428,"GO:0007010","DAM1","ab_f",0.9033562
"3229",-0.214712471484847,"GO:0007010","DMA2","ab_f",0.9033562
"1218",-0.574463830423198,"GO:0007010","DSK2","ab_f",0.9033562
"4255",0.105392645169725,"GO:0007010","DUO1","ab_f",0.9033562
"4565",-0.0592466785752901,"GO:0007010","DYN1","ab_f",0.9033562
"4820",-0.00755678972673241,"GO:0007010","EFB1","ab_f",0.9033562
"17011",0.929296517766655,"GO:0007010","ELM1","ab_f",0.9033562
"2853",-0.294792920748384,"GO:0007010","END3","ab_f",0.9033562
"1348",-0.655377119142231,"GO:0007010","ENT2","ab_f",0.9033562
"2244",-0.354067494166134,"GO:0007010","ENT3","ab_f",0.9033562
"1978",0.50486672147311,"GO:0007010","ENT4","ab_f",0.9033562
"4490",0.0643828631775991,"GO:0007010","ESP1","ab_f",0.9033562
"2109",-0.768900298231723,"GO:0007010","FIN1","ab_f",0.9033562
"417",1.71655609999747,"GO:0007010","FMP45","ab_f",0.9033562
"4184",-0.100251231724864,"GO:0007010","GCS1","ab_f",0.9033562
"4610",-0.0410752529140254,"GO:0007010","GEA2","ab_f",0.9033562
"40",-1.90966490657415,"GO:0007010","GIC2","ab_f",0.9033562
"3043",-0.29606181858221,"GO:0007010","GIN4","ab_f",0.9033562
"2166",0.466514224210447,"GO:0007010","GLC7","ab_f",0.9033562
"3919",0.209486939597977,"GO:0007010","GRX3","ab_f",0.9033562
"2481",-1.27865590102639,"GO:0007010","GVP36","ab_f",0.9033562
"3732",0.201401094063899,"GO:0007010","HCM1","ab_f",0.9033562
"192",2.32619810342709,"GO:0007010","HOF1","ab_f",0.9033562
"2571",0.321432802579086,"GO:0007010","HSP42","ab_f",0.9033562
"3559",0.195760466939985,"GO:0007010","ICE2","ab_f",0.9033562
"2527",-0.548779667604229,"GO:0007010","IPL1","ab_f",0.9033562
"536",1.55239593077304,"GO:0007010","IQG1","ab_f",0.9033562
"1900",-0.746367703625517,"GO:0007010","JNM1","ab_f",0.9033562
"2667",0.905159701613655,"GO:0007010","KAR1","ab_f",0.9033562
"4525",-0.069357512245567,"GO:0007010","KAR3","ab_f",0.9033562
"4777",0.020670648669478,"GO:0007010","KAR9","ab_f",0.9033562
"2412",0.409227145806223,"GO:0007010","KEL1","ab_f",0.9033562
"33411",-0.233621908147529,"GO:0007010","KIP2","ab_f",0.9033562
"3116",0.371517111346696,"GO:0007010","LAS17","ab_f",0.9033562
"407",-1.35259325953506,"GO:0007010","LIA1","ab_f",0.9033562
"3162",0.756109504376755,"GO:0007010","LSB3","ab_f",0.9033562
"2824",-0.278865768679448,"GO:0007010","LSB5","ab_f",0.9033562
"4658",0.0306694909193897,"GO:0007010","LST8","ab_f",0.9033562
"1800",-0.603289935182101,"GO:0007010","MDM20","ab_f",0.9033562
"2283",0.463680934247908,"GO:0007010","MHP1","ab_f",0.9033562
"1443",-0.728623098055492,"GO:0007010","MLC1","ab_f",0.9033562
"3304",-0.239191598173022,"GO:0007010","MLC2","ab_f",0.9033562
"1391",0.69793841339749,"GO:0007010","MPS1","ab_f",0.9033562
"25071",0.693807365370464,"GO:0007010","MPS2","ab_f",0.9033562
"4528",0.0707951499646438,"GO:0007010","MPS3","ab_f",0.9033562
"981",-0.881946088891095,"GO:0007010","MSB3","ab_f",0.9033562
"3878",0.122787520557744,"GO:0007010","MYO1","ab_f",0.9033562
"2579",-0.328204720188177,"GO:0007010","MYO2","ab_f",0.9033562
"2595",-0.291307484212335,"GO:0007010","NAP1","ab_f",0.9033562
"2779",-0.363726149494048,"GO:0007010","NAT3","ab_f",0.9033562
"1307",0.932401150538223,"GO:0007010","NBP1","ab_f",0.9033562
"4407",0.0704447711620759,"GO:0007010","NDC1","ab_f",0.9033562
"4144",-0.110159582257689,"GO:0007010","NDC80","ab_f",0.9033562
"2675",0.441075480928441,"GO:0007010","NET1","ab_f",0.9033562
"2062",0.47910993930472,"GO:0007010","NIP100","ab_f",0.9033562
"2517",-0.431903089994875,"GO:0007010","NOP15","ab_f",0.9033562
"2246",-0.368045719107724,"GO:0007010","NPL4","ab_f",0.9033562
"4077",-0.120853337287453,"GO:0007010","NUD1","ab_f",0.9033562
"2046",0.901069562664078,"GO:0007010","NUF2","ab_f",0.9033562
"3171",-0.254716123879849,"GO:0007010","NUM1","ab_f",0.9033562
"46521",0.0267158976490295,"GO:0007010","NUP2","ab_f",0.9033562
"3382",-0.561545982712445,"GO:0007010","PAC11","ab_f",0.9033562
"1872",-0.605846366130629,"GO:0007010","PAN1","ab_f",0.9033562
"178",1.42213579531016,"GO:0007010","PBS2","ab_f",0.9033562
"1877",-1.72406347090141,"GO:0007010","PCL1","ab_f",0.9033562
"4477",-0.0671926048013214,"GO:0007010","PCL2","ab_f",0.9033562
"1542",0.913779746317879,"GO:0007010","PEA2","ab_f",0.9033562
"4202",0.110182699991898,"GO:0007010","PFD1","ab_f",0.9033562
"1948",1.85779792481795,"GO:0007010","PFY1","ab_f",0.9033562
"961",0.907919571479038,"GO:0007010","PIN3","ab_f",0.9033562
"380",-0.972370745138626,"GO:0007010","PKC1","ab_f",0.9033562
"2730",-0.376150120880629,"GO:0007010","POM152","ab_f",0.9033562
"2117",0.407967126071116,"GO:0007010","POM34","ab_f",0.9033562
"43141",-0.0700865738245906,"GO:0007010","PPH21","ab_f",0.9033562
"2766",0.374800309057065,"GO:0007010","PRK1","ab_f",0.9033562
"1861",-0.650226461071983,"GO:0007010","RAX2","ab_f",0.9033562
"226",-1.49832903562651,"GO:0007010","RDI1","ab_f",0.9033562
"1915",0.65914863361189,"GO:0007010","REF2","ab_f",0.9033562
"6771",1.09572721633662,"GO:0007010","RGA1","ab_f",0.9033562
"1648",-0.478438831897659,"GO:0007010","RHO1","ab_f",0.9033562
"3321",-0.304907667846165,"GO:0007010","RHO2","ab_f",0.9033562
"35871",-0.206569876927419,"GO:0007010","RHO3","ab_f",0.9033562
"3126",0.413670384173651,"GO:0007010","RHO4","ab_f",0.9033562
"1109",0.60771454977707,"GO:0007010","ROT1","ab_f",0.9033562
"708",-0.71743378852166,"GO:0007010","RSP5","ab_f",0.9033562
"3845",-0.12430054544575,"GO:0007010","RTS1","ab_f",0.9033562
"3436",-0.205088058765467,"GO:0007010","RVS161","ab_f",0.9033562
"403",-0.870960121892433,"GO:0007010","SAC6","ab_f",0.9033562
"229",1.2352842897757,"GO:0007010","SAC7","ab_f",0.9033562
"1589",0.58108327076798,"GO:0007010","SCD5","ab_f",0.9033562
"4475",-0.0567491232215395,"GO:0007010","SCP1","ab_f",0.9033562
"3747",0.172434369559117,"GO:0007010","SDA1","ab_f",0.9033562
"1034",0.778057236639842,"GO:0007010","SFI1","ab_f",0.9033562
"254",1.51553904626394,"GO:0007010","SFK1","ab_f",0.9033562
"1655",-0.684683950046788,"GO:0007010","SHE1","ab_f",0.9033562
"537",-1.1593794571172,"GO:0007010","SHE4","ab_f",0.9033562
"2207",-0.429135429315963,"GO:0007010","SHS1","ab_f",0.9033562
"1693",0.591891949160624,"GO:0007010","SIT4","ab_f",0.9033562
"32271",0.254780676963429,"GO:0007010","SIW14","ab_f",0.9033562
"4264",0.0926547126877334,"GO:0007010","SKP1","ab_f",0.9033562
"3141",0.243526810476654,"GO:0007010","SLA1","ab_f",0.9033562
"1863",-0.605551043613467,"GO:0007010","SLA2","ab_f",0.9033562
"3236",0.272617664042999,"GO:0007010","SLM1","ab_f",0.9033562
"22861",0.644842994495936,"GO:0007010","SPA2","ab_f",0.9033562
"1981",-0.457766789287834,"GO:0007010","SPC105","ab_f",0.9033562
"4783",0.0204812099144864,"GO:0007010","SPC110","ab_f",0.9033562
"4231",-0.10721618967612,"GO:0007010","SPC19","ab_f",0.9033562
"4316",-0.109752633293397,"GO:0007010","SPC24","ab_f",0.9033562
"402",1.54947111435571,"GO:0007010","SPC25","ab_f",0.9033562
"1378",0.857573470237618,"GO:0007010","SPC29","ab_f",0.9033562
"4641",-0.0408755872414553,"GO:0007010","SPC34","ab_f",0.9033562
"3174",0.451629671999563,"GO:0007010","SPC42","ab_f",0.9033562
"2237",0.652910352390139,"GO:0007010","SPC72","ab_f",0.9033562
"4567",0.0627037474643493,"GO:0007010","SPC97","ab_f",0.9033562
"4091",-0.172865923537609,"GO:0007010","SPC98","ab_f",0.9033562
"762",-0.700560286100287,"GO:0007010","SRV2","ab_f",0.9033562
"414",1.00765589048565,"GO:0007010","SSK1","ab_f",0.9033562
"4509",0.0554966292590353,"GO:0007010","SSK2","ab_f",0.9033562
"4065",0.120687924058108,"GO:0007010","STE20","ab_f",0.9033562
"4394",0.0839699679382383,"GO:0007010","STH1","ab_f",0.9033562
"2043",-0.485066604110611,"GO:0007010","STT4","ab_f",0.9033562
"3500",0.237739098243936,"GO:0007010","STU1","ab_f",0.9033562
"3422",0.717532892829849,"GO:0007010","STU2","ab_f",0.9033562
"869",0.848332957507067,"GO:0007010","SUR7","ab_f",0.9033562
"484",1.07803687839219,"GO:0007010","SWE1","ab_f",0.9033562
"3200",0.439541010871011,"GO:0007010","SWF1","ab_f",0.9033562
"4359",-0.0836058051812626,"GO:0007010","TAO3","ab_f",0.9033562
"4428",0.0817915695862621,"GO:0007010","TEM1","ab_f",0.9033562
"3173",-0.227593393377675,"GO:0007010","TOR2","ab_f",0.9033562
"2727",1.53576666413611,"GO:0007010","TPM2","ab_f",0.9033562
"4420",-0.0599139920353053,"GO:0007010","TSC11","ab_f",0.9033562
"38",-1.69597588965469,"GO:0007010","TUB1","ab_f",0.9033562
"3136",0.262473911438756,"GO:0007010","TUB4","ab_f",0.9033562
"2289",-0.465147422516639,"GO:0007010","TVP38","ab_f",0.9033562
"429",-1.08220007373554,"GO:0007010","TWF1","ab_f",0.9033562
"1913",-0.454589077806303,"GO:0007010","UBC9","ab_f",0.9033562
"3667",0.164284067142294,"GO:0007010","VHS2","ab_f",0.9033562
"15331",-0.541064516315177,"GO:0007010","VPS1","ab_f",0.9033562
"2397",-0.476537860389766,"GO:0007010","VRP1","ab_f",0.9033562
"1879",0.494419404829554,"GO:0007010","WHI2","ab_f",0.9033562
"3620",-0.166959891265921,"GO:0007010","YRB1","ab_f",0.9033562
"2091",-0.42498194569981,"GO:0007010","YRB2","ab_f",0.9033562
